¿Cuál es el error fundamental que comete la mayoría de los telemarketers al intentar sonar profesionales?,Suenan robóticos y presionan al cliente en lugar de sonar humanos y naturales.
"Según el sistema, ¿en qué debe basarse la fuerza de una llamada de ventas exitosa?","En que la llamada se sienta natural, emocional y conversacional."
"En lugar de atacar para vender, ¿qué debe sentir el cliente durante la llamada?","Debe sentir que alguien lo está ayudando, orientando y trayéndole un beneficio."
¿Cuál es el primer paso indispensable antes de guiar la conversación en este sistema de ventas?,Construir una base de confianza con el cliente.
¿Por qué los call centers tradicionales suelen tener conversiones bajas según el material?,"Porque no entienden que la gente no compra cuando siente presión, sino cuando siente confianza."
¿Cuál es la función real del certificado que se ofrece en la llamada?,Funciona como una excusa emocional para abrir la conversación.
Menciona tres de los objetivos reales de la llamada más allá de ofrecer el certificado.,"Crear confianza, detectar necesidades e identificar el dolor del cliente."
¿Cuál es el fin último del proceso de identificación de oportunidades en la llamada?,Precalificar al prospecto y sacar una cita.
"Error vs. Acierto: ""Le llamo para orientarle sobre sistemas solares.""","Acierto: ""[Nombre del cliente]... ¿[Nombre] de dónde?"" (Crea curiosidad e incertidumbre psicológica)."
¿Qué efecto psicológico tiene en el cliente el iniciar la llamada simplemente diciendo su nombre?,"Crea curiosidad e incertidumbre, lo que ayuda a bajar las defensas automáticas."
¿Cómo se valida la confianza al inicio de la llamada para eliminar sospechas?,Confirmando que el cliente dejó su información y que se tiene su nombre y teléfono.
"¿Qué debe vender el consultor en lugar de paneles, baterías o precios?","Debe vender exclusividad, beneficios, privilegios y acceso especial."
Menciona tres palabras clave que activan emocionalmente el sentido de privilegio en el cliente.,"VIP, seleccionado y beneficio especial."
"¿Qué siente el cliente cuando se le habla con términos como ""VIP"" o ""seleccionado""?","Siente que lo escogieron y que tiene acceso a algo especial, lo que reduce su resistencia."
¿Por qué es vital obtener información sobre si el cliente sufre apagones o tiene facturas altas?,"Porque esa información es ""oro"" que el closer utilizará para cerrar la venta."
Concepto: Micro-empatía,Definición: Conectar emocionalmente con los datos del cliente para evitar que la llamada se sienta mecánica.
"Error vs. Acierto: ""Pago 200 dólares de luz."" -> ""Entiendo, ¿la casa es suya?""","Acierto: ""Wow doña Luz… eso ya es prácticamente un pago de carro."" (Micro-empatía)."
¿Qué percibe el cliente cuando el vendedor utiliza la micro-empatía después de recibir un dato personal?,Percibe que el vendedor lo entiende y que no está simplemente leyendo un libreto.
"¿Quién tiene el control de la conversación según la regla del ""Control Suave""?",El vendedor que controla las preguntas.
"Error vs. Acierto: ""¿Por qué participó en la promoción?""","Acierto: ""¿Participó por los apagones o por lo cara que está la luz?"" (Control suave mediante preguntas dirigidas)."
Menciona dos beneficios de utilizar preguntas dirigidas en lugar de preguntas abiertas.,Acelera la conversación y evita silencios incómodos.
"¿Por qué nunca se debe preguntar ""¿La casa es suya?"" de forma directa y seca?",Porque suena a investigación bancaria y hace que el cliente levante sus defensas.
¿Qué frase se recomienda usar para suavizar la precalificación y justificar las preguntas?,"""Le hago varias preguntitas porque quiero verificar qué beneficios especiales podrían aplicar para usted""."
"¿Cuál es el propósito de utilizar frases de urgencia suave como ""La lista VIP cambia todos los meses""?","Evitar que el cliente piense ""después llamo"" y posponga la decisión."
"Identifica tres ejemplos de ""dolores dominantes"" que un consultor debe descubrir.","Apagones constantes, facturas de luz muy altas y necesidad de refrigerar medicamentos."
"En el cierre de la llamada, ¿por qué es un error preguntar ""¿Qué día usted puede?""?",Porque cede el control al cliente y no transmite seguridad ni autoridad.
"Error vs. Acierto: ""Dígame cuándo le conviene que pasemos.""","Acierto: ""Voy a estar en el área sur el martes. Lo más seguro paso entre 3 y 6."" (Asumir el cierre)."
¿Qué proyecta el vendedor al proponer un escenario específico para la cita?,"Proyecta seguridad, organización, autoridad y control."
¿Cuál es el beneficio directo de proyectar firmeza y estructura al cerrar la cita?,La reducción significativa de las cancelaciones.
"Durante la llamada, ¿qué debe hacer el consultor mientras habla para mejorar la energía percibida?","Sonreír mientras habla, escuchar activamente y reaccionar de forma natural."
¿Qué es lo que la gente realmente recuerda al final de una llamada de ventas?,"No recuerda exactamente lo que se dijo, sino cómo la hicieron sentir."
¿Qué debe hacer un consultor si el cliente pregunta por el precio durante la llamada inicial?,Debe redirigir la conversación hacia los beneficios y la precalificación sin dar números.
¿A quién le corresponde presentar formalmente la propuesta económica o el precio?,"Al cerrador o ""closer""."
¿Cómo ayuda el descubrir el dolor profundo del cliente al trabajo del closer?,Le permite al closer presentar una solución más fuerte y efectiva para concretar la venta.
Menciona una frase para crear urgencia estratégica sin sonar agresivo.,"""Estas preventas son temporeras""."
"La técnica de ofrecer opciones como ""¿apagones o factura alta?"" se conoce como _____.",Control Suave
¿Qué riesgo se corre al hablar demasiado rápido durante la llamada?,El cliente percibe al vendedor como un operador robótico y levanta sus defensas.
¿Por qué es importante preguntar por la presencia de adultos mayores o niños en la residencia?,Para identificar necesidades críticas y dolores específicos relacionados con el confort y la seguridad.
"En el contexto de Puerto Rico, ¿qué dolores específicos suelen ser recurrentes según el material?","Miedo a los huracanes, apagones frecuentes y el alto costo de la luz."
"Al justificar la precalificación, ¿qué logra el vendedor al mencionar ""beneficios especiales""?",Le da lógica a la conversación y aumenta la colaboración del cliente.
¿Qué debe hacer el consultor para evitar que la llamada parezca una investigación?,Suavizar la entrada de las preguntas dándoles un propósito positivo para el cliente.
Técnica: Asumir el Cierre,Definición: Proponer un día y hora específicos basándose en la propia agenda en lugar de pedir permiso al cliente.
¿Por qué el certificado de regalo NO es el protagonista de la llamada?,Porque es solo un gancho; el verdadero protagonista es la detección de necesidades del cliente.
Menciona una pregunta estratégica para identificar dolor relacionado con el negocio.,¿Opera usted algún tipo de negocio desde su casa?
"El vendedor profesional no lee un libreto, sino que _____ con el cliente.",Conversa
"¿Qué palabra se usa para referirse a un grupo grande (ej. 50,000 personas) para resaltar la exclusividad de los 30 seleccionados?",Contraste (o validación de selección).
"Cuando el cliente siente confianza, ¿qué sucede con su disposición a comprar?","Aumenta significativamente, ya que la gente compra donde siente confianza."
¿Cómo se define el éxito de un telemarketer según el poder de la llamada humana?,Por su capacidad de sonar como una persona que ayuda y no como un vendedor que presiona.
"Si un cliente dice que paga mucho de luz, ¿cuál es la reacción de micro-empatía recomendada?",Reaccionar con asombro genuino y compararlo con otro gasto importante como un auto.
"¿Qué efecto tiene el uso de la palabra ""VIP"" en la psicología del cliente?",Activa emocionalmente el deseo de exclusividad y baja la resistencia.
¿Por qué es importante mencionar que se tiene el nombre y teléfono del cliente al inicio?,Para demostrar que la llamada no es al azar y aumentar la credibilidad.
"La frase ""La lista VIP cambia todos los meses"" es un ejemplo de _____.",Urgencia suave
"¿Qué debe evitar un vendedor para no parecer un ""operador"" de call center?",Hablar demasiado rápido y leer el script de forma literal.
"Error vs. Acierto: ""¿Usted necesita una cisterna o placas solares?""","Acierto: ""¿Participó por los apagones o por lo cara que está la luz?"" (Enfocarse en el problema, no en el producto)."
Menciona un factor que ayuda a proyectar autoridad durante el cierre de la cita.,"Hablar con seguridad y proponer un horario basándose en la logística propia (""Voy a estar en el área"")."
¿Cuál es el objetivo de identificar si hay equipos médicos en la casa?,Detectar un dolor crítico que requiera energía ininterrumpida (urgencia vital).
"¿Qué significa que la información obtenida es ""oro""?",Que es el recurso fundamental para que el cerrador pueda personalizar su oferta y cerrar la venta.
"El enfoque de ""Vender Privilegios"" busca que el cliente sienta la frase: ""Me _____ "".",Escogieron
¿Por qué se deben evitar las preguntas demasiado abiertas al principio?,Porque pueden generar silencios o respuestas vagas que quitan el control al vendedor.
"En la precalificación, suavizar la entrada permite que el cliente _____ mucho más.",Coopere
La micro-empatía ayuda a romper la sensación de estar leyendo un _____.,Libreto / Libreto corporativo
¿Cómo se debe reaccionar ante un cliente defensivo desde el inicio?,Usando la curiosidad y validando la razón de la llamada de inmediato.
"Según el texto, ¿cuándo es que un cliente automáticamente levanta sus defensas?","Cuando siente que el vendedor es robótico, habla rápido o intenta vender desde el primer minuto."
¿Cuál es la diferencia clave entre un telemarketer promedio y un profesional en ventas telefónicas?,El profesional hace que la llamada sea una conversación humana que genera emociones positivas.
Menciona un ejemplo de cómo conectar con el dolor del calor en la residencia.,Preguntar si tienen problemas con las altas temperaturas dentro de la casa.